version,1.6.0,,,,,,,,,,,,,,
version,balls_per_over,6,,,,,,,,,,,,,
version,team,Zimbabwe,,,,,,,,,,,,,
version,team,Bangladesh,,,,,,,,,,,,,
version,gender,male,,,,,,,,,,,,,
version,season,2009,,,,,,,,,,,,,
version,date,16-08-2009,,,,,,,,,,,,,
version,event,Bangladesh in Zimbabwe ODI Series,,,,,,,,,,,,,
version,match_number,4,,,,,,,,,,,,,
version,venue,Queens Sports Club,,,,,,,,,,,,,
version,city,Bulawayo,,,,,,,,,,,,,
version,toss_winner,Zimbabwe,,,,,,,,,,,,,
version,toss_decision,bat,,,,,,,,,,,,,
version,player_of_match,CK Coventry,,,,,,,,,,,,,
version,player_of_match,Tamim Iqbal,,,,,,,,,,,,,
version,umpire,KC Barbour,,,,,,,,,,,,,
version,umpire,AM Saheba,,,,,,,,,,,,,
version,reserve_umpire,C Phiri,,,,,,,,,,,,,
version,tv_umpire,O Chirombe,,,,,,,,,,,,,
version,match_referee,J Srinath,,,,,,,,,,,,,
version,winner,Bangladesh,,,,,,,,,,,,,
version,winner_wickets,4,,,,,,,,,,,,,
version,player,Bangladesh,Tamim Iqbal,,,,,,,,,,,,
version,player,Bangladesh,Junaid Siddique,,,,,,,,,,,,
version,player,Bangladesh,Mohammad Ashraful,,,,,,,,,,,,
version,player,Bangladesh,Raqibul Hasan,,,,,,,,,,,,
version,player,Bangladesh,Shakib Al Hasan,,,,,,,,,,,,
version,player,Bangladesh,Mushfiqur Rahim,,,,,,,,,,,,
version,player,Bangladesh,Mahmudullah,,,,,,,,,,,,
version,player,Bangladesh,Naeem Islam,,,,,,,,,,,,
version,player,Bangladesh,Mahbubul Alam,,,,,,,,,,,,
version,player,Bangladesh,Syed Rasel,,,,,,,,,,,,
version,player,Bangladesh,Enamul Haque jnr,,,,,,,,,,,,
version,player,Zimbabwe,MA Vermeulen,,,,,,,,,,,,
version,player,Zimbabwe,H Masakadza,,,,,,,,,,,,
version,player,Zimbabwe,CK Coventry,,,,,,,,,,,,
version,player,Zimbabwe,BRM Taylor,,,,,,,,,,,,
version,player,Zimbabwe,SC Williams,,,,,,,,,,,,
version,player,Zimbabwe,S Matsikenyeri,,,,,,,,,,,,
version,player,Zimbabwe,E Chigumbura,,,,,,,,,,,,
version,player,Zimbabwe,MN Waller,,,,,,,,,,,,
version,player,Zimbabwe,T Mupariwa,,,,,,,,,,,,
version,player,Zimbabwe,P Utseya,,,,,,,,,,,,
version,player,Zimbabwe,RW Price,,,,,,,,,,,,
version,registry,people,AM Saheba,883e3818,,,,,,,,,,,
version,registry,people,BRM Taylor,53597be1,,,,,,,,,,,
version,registry,people,C Phiri,ade73404,,,,,,,,,,,
version,registry,people,CK Coventry,a21ea40c,,,,,,,,,,,
version,registry,people,E Chigumbura,d2babdd5,,,,,,,,,,,
version,registry,people,Enamul Haque jnr,0480aba6,,,,,,,,,,,
version,registry,people,H Masakadza,31fbf891,,,,,,,,,,,
version,registry,people,J Srinath,bad31fac,,,,,,,,,,,
version,registry,people,Junaid Siddique,62e203d4,,,,,,,,,,,
version,registry,people,KC Barbour,4359f89a,,,,,,,,,,,
version,registry,people,MA Vermeulen,611c06dd,,,,,,,,,,,
version,registry,people,MN Waller,ec4dada1,,,,,,,,,,,
version,registry,people,Mahbubul Alam,5284c884,,,,,,,,,,,
version,registry,people,Mahmudullah,bf1d7d3e,,,,,,,,,,,
version,registry,people,Mohammad Ashraful,2bb09eb2,,,,,,,,,,,
version,registry,people,Mushfiqur Rahim,a94e08ea,,,,,,,,,,,
version,registry,people,Naeem Islam,02e83ac5,,,,,,,,,,,
version,registry,people,O Chirombe,6345307f,,,,,,,,,,,
version,registry,people,P Utseya,9de271ef,,,,,,,,,,,
version,registry,people,RW Price,67af6f81,,,,,,,,,,,
version,registry,people,Raqibul Hasan,17efdeb8,,,,,,,,,,,
version,registry,people,S Matsikenyeri,e7ba1233,,,,,,,,,,,
version,registry,people,SC Williams,afe57f7a,,,,,,,,,,,
version,registry,people,Shakib Al Hasan,7dc35884,,,,,,,,,,,
version,registry,people,Syed Rasel,b743f01b,,,,,,,,,,,
version,registry,people,T Mupariwa,21bf71ab,`,,,,,,,,,,
version,registry,people,Tamim Iqbal,3b041a12,,,,,,,,,,,
version,registry,people,V Sibanda,0fdabe05,,,,,,,,,,,
ball,1,0.1,Zimbabwe,MA Vermeulen,H Masakadza,Syed Rasel,0,0,,,,,,,
ball,1,0.2,Zimbabwe,MA Vermeulen,H Masakadza,Syed Rasel,1,0,,,,,,,
ball,1,0.3,Zimbabwe,H Masakadza,MA Vermeulen,Syed Rasel,0,0,,,,,,,
ball,1,0.4,Zimbabwe,H Masakadza,MA Vermeulen,Syed Rasel,0,0,,,,,,,
ball,1,0.5,Zimbabwe,H Masakadza,MA Vermeulen,Syed Rasel,0,0,,,,,,,
ball,1,0.6,Zimbabwe,H Masakadza,MA Vermeulen,Syed Rasel,0,0,,,,,,,
ball,1,1.1,Zimbabwe,MA Vermeulen,H Masakadza,Mahbubul Alam,4,0,,,,,,,
ball,1,1.2,Zimbabwe,MA Vermeulen,H Masakadza,Mahbubul Alam,0,0,,,,,,,
ball,1,1.3,Zimbabwe,MA Vermeulen,H Masakadza,Mahbubul Alam,0,0,,,,,,caught,MA Vermeulen
ball,1,1.4,Zimbabwe,CK Coventry,H Masakadza,Mahbubul Alam,0,0,,,,,,,
ball,1,1.5,Zimbabwe,CK Coventry,H Masakadza,Mahbubul Alam,0,0,,,,,,,
ball,1,1.6,Zimbabwe,CK Coventry,H Masakadza,Mahbubul Alam,0,0,,,,,,,
ball,1,2.1,Zimbabwe,H Masakadza,CK Coventry,Syed Rasel,0,0,,,,,,,
ball,1,2.2,Zimbabwe,H Masakadza,CK Coventry,Syed Rasel,0,0,,,,,,,
ball,1,2.3,Zimbabwe,H Masakadza,CK Coventry,Syed Rasel,0,0,,,,,,,
ball,1,2.4,Zimbabwe,H Masakadza,CK Coventry,Syed Rasel,0,0,,,,,,,
ball,1,2.5,Zimbabwe,H Masakadza,CK Coventry,Syed Rasel,0,0,,,,,,,
ball,1,2.6,Zimbabwe,H Masakadza,CK Coventry,Syed Rasel,0,0,,,,,,,
ball,1,3.1,Zimbabwe,CK Coventry,H Masakadza,Mahbubul Alam,0,0,,,,,,,
ball,1,3.2,Zimbabwe,CK Coventry,H Masakadza,Mahbubul Alam,1,0,,,,,,,
ball,1,3.3,Zimbabwe,H Masakadza,CK Coventry,Mahbubul Alam,0,0,,,,,,,
ball,1,3.4,Zimbabwe,H Masakadza,CK Coventry,Mahbubul Alam,2,0,,,,,,,
ball,1,3.5,Zimbabwe,H Masakadza,CK Coventry,Mahbubul Alam,6,0,,,,,,,
ball,1,3.6,Zimbabwe,H Masakadza,CK Coventry,Mahbubul Alam,0,0,,,,,,,
ball,1,4.1,Zimbabwe,CK Coventry,H Masakadza,Syed Rasel,0,0,,,,,,,
ball,1,4.2,Zimbabwe,CK Coventry,H Masakadza,Syed Rasel,4,0,,,,,,,
ball,1,4.3,Zimbabwe,CK Coventry,H Masakadza,Syed Rasel,0,0,,,,,,,
ball,1,4.4,Zimbabwe,CK Coventry,H Masakadza,Syed Rasel,0,0,,,,,,,
ball,1,4.5,Zimbabwe,CK Coventry,H Masakadza,Syed Rasel,1,0,,,,,,,
ball,1,4.6,Zimbabwe,H Masakadza,CK Coventry,Syed Rasel,0,0,,,,,,,
ball,1,5.1,Zimbabwe,CK Coventry,H Masakadza,Mahbubul Alam,0,0,,,,,,,
ball,1,5.2,Zimbabwe,CK Coventry,H Masakadza,Mahbubul Alam,0,1,1,,,,,,
ball,1,5.3,Zimbabwe,CK Coventry,H Masakadza,Mahbubul Alam,0,1,1,,,,,,
ball,1,5.4,Zimbabwe,CK Coventry,H Masakadza,Mahbubul Alam,0,0,,,,,,,
ball,1,5.5,Zimbabwe,CK Coventry,H Masakadza,Mahbubul Alam,0,0,,,,,,,
ball,1,5.6,Zimbabwe,CK Coventry,H Masakadza,Mahbubul Alam,0,0,,,,,,,
ball,1,5.7,Zimbabwe,CK Coventry,H Masakadza,Mahbubul Alam,0,0,,,,,,,
ball,1,5.8,Zimbabwe,CK Coventry,H Masakadza,Mahbubul Alam,0,0,,,,,,,
ball,1,6.1,Zimbabwe,H Masakadza,CK Coventry,Syed Rasel,0,0,,,,,,,
ball,1,6.2,Zimbabwe,H Masakadza,CK Coventry,Syed Rasel,0,0,,,,,,,
ball,1,6.3,Zimbabwe,H Masakadza,CK Coventry,Syed Rasel,1,0,,,,,,,
ball,1,6.4,Zimbabwe,CK Coventry,H Masakadza,Syed Rasel,0,0,,,,,,,
ball,1,6.5,Zimbabwe,CK Coventry,H Masakadza,Syed Rasel,1,0,,,,,,,
ball,1,6.6,Zimbabwe,H Masakadza,CK Coventry,Syed Rasel,4,0,,,,,,,
ball,1,7.1,Zimbabwe,CK Coventry,H Masakadza,Mahbubul Alam,6,0,,,,,,,
ball,1,7.2,Zimbabwe,CK Coventry,H Masakadza,Mahbubul Alam,2,0,,,,,,,
ball,1,7.3,Zimbabwe,CK Coventry,H Masakadza,Mahbubul Alam,2,0,,,,,,,
ball,1,7.4,Zimbabwe,CK Coventry,H Masakadza,Mahbubul Alam,4,0,,,,,,,
ball,1,7.5,Zimbabwe,CK Coventry,H Masakadza,Mahbubul Alam,0,1,1,,,,,,
ball,1,7.6,Zimbabwe,CK Coventry,H Masakadza,Mahbubul Alam,1,0,,,,,,,
ball,1,7.7,Zimbabwe,H Masakadza,CK Coventry,Mahbubul Alam,0,0,,,,,,,
ball,1,8.1,Zimbabwe,CK Coventry,H Masakadza,Syed Rasel,0,0,,,,,,,
ball,1,8.2,Zimbabwe,CK Coventry,H Masakadza,Syed Rasel,4,0,,,,,,,
ball,1,8.3,Zimbabwe,CK Coventry,H Masakadza,Syed Rasel,3,0,,,,,,,
ball,1,8.4,Zimbabwe,H Masakadza,CK Coventry,Syed Rasel,1,0,,,,,,,
ball,1,8.5,Zimbabwe,CK Coventry,H Masakadza,Syed Rasel,4,0,,,,,,,
ball,1,8.6,Zimbabwe,CK Coventry,H Masakadza,Syed Rasel,0,1,1,,,,,,
ball,1,8.7,Zimbabwe,CK Coventry,H Masakadza,Syed Rasel,0,0,,,,,,,
ball,1,9.1,Zimbabwe,H Masakadza,CK Coventry,Shakib Al Hasan,0,0,,,,,,,
ball,1,9.2,Zimbabwe,H Masakadza,CK Coventry,Shakib Al Hasan,0,0,,,,,,,
ball,1,9.3,Zimbabwe,H Masakadza,CK Coventry,Shakib Al Hasan,0,0,,,,,,,
ball,1,9.4,Zimbabwe,H Masakadza,CK Coventry,Shakib Al Hasan,1,0,,,,,,,
ball,1,9.5,Zimbabwe,CK Coventry,H Masakadza,Shakib Al Hasan,0,0,,,,,,,
ball,1,9.6,Zimbabwe,CK Coventry,H Masakadza,Shakib Al Hasan,1,0,,,,,,,
ball,1,10.1,Zimbabwe,CK Coventry,H Masakadza,Enamul Haque jnr,1,0,,,,,,,
ball,1,10.2,Zimbabwe,H Masakadza,CK Coventry,Enamul Haque jnr,1,0,,,,,,,
ball,1,10.3,Zimbabwe,CK Coventry,H Masakadza,Enamul Haque jnr,1,0,,,,,,,
ball,1,10.4,Zimbabwe,H Masakadza,CK Coventry,Enamul Haque jnr,0,0,,,,,,,
ball,1,10.5,Zimbabwe,H Masakadza,CK Coventry,Enamul Haque jnr,0,0,,,,,,,
ball,1,10.6,Zimbabwe,H Masakadza,CK Coventry,Enamul Haque jnr,0,0,,,,,,,
ball,1,11.1,Zimbabwe,CK Coventry,H Masakadza,Mahmudullah,4,0,,,,,,,
ball,1,11.2,Zimbabwe,CK Coventry,H Masakadza,Mahmudullah,0,0,,,,,,,
ball,1,11.3,Zimbabwe,CK Coventry,H Masakadza,Mahmudullah,0,0,,,,,,,
ball,1,11.4,Zimbabwe,CK Coventry,H Masakadza,Mahmudullah,4,0,,,,,,,
ball,1,11.5,Zimbabwe,CK Coventry,H Masakadza,Mahmudullah,0,1,1,,,,,,
ball,1,11.6,Zimbabwe,CK Coventry,H Masakadza,Mahmudullah,0,0,,,,,,,
ball,1,11.7,Zimbabwe,CK Coventry,H Masakadza,Mahmudullah,1,0,,,,,,,
ball,1,12.1,Zimbabwe,CK Coventry,H Masakadza,Shakib Al Hasan,0,0,,,,,,,
ball,1,12.2,Zimbabwe,CK Coventry,H Masakadza,Shakib Al Hasan,0,0,,,,,,,
ball,1,12.3,Zimbabwe,CK Coventry,H Masakadza,Shakib Al Hasan,4,0,,,,,,,
ball,1,12.4,Zimbabwe,CK Coventry,H Masakadza,Shakib Al Hasan,0,0,,,,,,,
ball,1,12.5,Zimbabwe,CK Coventry,H Masakadza,Shakib Al Hasan,1,0,,,,,,,
ball,1,12.6,Zimbabwe,H Masakadza,CK Coventry,Shakib Al Hasan,2,0,,,,,,,
ball,1,13.1,Zimbabwe,CK Coventry,H Masakadza,Enamul Haque jnr,1,0,,,,,,,
ball,1,13.2,Zimbabwe,H Masakadza,CK Coventry,Enamul Haque jnr,0,0,,,,,,,
ball,1,13.3,Zimbabwe,H Masakadza,CK Coventry,Enamul Haque jnr,1,0,,,,,,,
ball,1,13.4,Zimbabwe,CK Coventry,H Masakadza,Enamul Haque jnr,1,0,,,,,,,
ball,1,13.5,Zimbabwe,H Masakadza,CK Coventry,Enamul Haque jnr,1,0,,,,,,,
ball,1,13.6,Zimbabwe,CK Coventry,H Masakadza,Enamul Haque jnr,0,0,,,,,,,
ball,1,14.1,Zimbabwe,H Masakadza,CK Coventry,Shakib Al Hasan,1,0,,,,,,,
ball,1,14.2,Zimbabwe,CK Coventry,H Masakadza,Shakib Al Hasan,4,0,,,,,,,
ball,1,14.3,Zimbabwe,CK Coventry,H Masakadza,Shakib Al Hasan,0,0,,,,,,,
ball,1,14.4,Zimbabwe,CK Coventry,H Masakadza,Shakib Al Hasan,0,0,,,,,,,
ball,1,14.5,Zimbabwe,CK Coventry,H Masakadza,Shakib Al Hasan,0,0,,,,,,,
ball,1,14.6,Zimbabwe,CK Coventry,H Masakadza,Shakib Al Hasan,0,0,,,,,,,
ball,1,15.1,Zimbabwe,H Masakadza,CK Coventry,Mohammad Ashraful,0,0,,,,,,,
ball,1,15.2,Zimbabwe,H Masakadza,CK Coventry,Mohammad Ashraful,0,0,,,,,,caught,H Masakadza
ball,1,15.3,Zimbabwe,CK Coventry,BRM Taylor,Mohammad Ashraful,0,0,,,,,,,
ball,1,15.4,Zimbabwe,CK Coventry,BRM Taylor,Mohammad Ashraful,0,0,,,,,,,
ball,1,15.5,Zimbabwe,CK Coventry,BRM Taylor,Mohammad Ashraful,0,0,,,,,,,
ball,1,15.6,Zimbabwe,CK Coventry,BRM Taylor,Mohammad Ashraful,0,0,,,,,,,
ball,1,16.1,Zimbabwe,BRM Taylor,CK Coventry,Mahmudullah,1,0,,,,,,,
ball,1,16.2,Zimbabwe,CK Coventry,BRM Taylor,Mahmudullah,0,0,,,,,,,
ball,1,16.3,Zimbabwe,CK Coventry,BRM Taylor,Mahmudullah,1,0,,,,,,,
ball,1,16.4,Zimbabwe,BRM Taylor,CK Coventry,Mahmudullah,0,0,,,,,,,
ball,1,16.5,Zimbabwe,BRM Taylor,CK Coventry,Mahmudullah,0,0,,,,,,,
ball,1,16.6,Zimbabwe,BRM Taylor,CK Coventry,Mahmudullah,1,0,,,,,,,
ball,1,17.1,Zimbabwe,BRM Taylor,CK Coventry,Mohammad Ashraful,0,0,,,,,,,
ball,1,17.2,Zimbabwe,BRM Taylor,CK Coventry,Mohammad Ashraful,1,0,,,,,,,
ball,1,17.3,Zimbabwe,CK Coventry,BRM Taylor,Mohammad Ashraful,0,0,,,,,,,
ball,1,17.4,Zimbabwe,CK Coventry,BRM Taylor,Mohammad Ashraful,0,0,,,,,,,
ball,1,17.5,Zimbabwe,CK Coventry,BRM Taylor,Mohammad Ashraful,1,0,,,,,,,
ball,1,17.6,Zimbabwe,BRM Taylor,CK Coventry,Mohammad Ashraful,1,0,,,,,,,
ball,1,18.1,Zimbabwe,BRM Taylor,CK Coventry,Shakib Al Hasan,0,0,,,,,,,
ball,1,18.2,Zimbabwe,BRM Taylor,CK Coventry,Shakib Al Hasan,0,0,,,,,,,
ball,1,18.3,Zimbabwe,BRM Taylor,CK Coventry,Shakib Al Hasan,0,1,1,,,,,,
ball,1,18.4,Zimbabwe,BRM Taylor,CK Coventry,Shakib Al Hasan,0,0,,,,,,,
ball,1,18.5,Zimbabwe,BRM Taylor,CK Coventry,Shakib Al Hasan,0,0,,,,,,,
ball,1,18.6,Zimbabwe,BRM Taylor,CK Coventry,Shakib Al Hasan,2,0,,,,,,,
ball,1,18.7,Zimbabwe,BRM Taylor,CK Coventry,Shakib Al Hasan,0,0,,,,,,,
ball,1,19.1,Zimbabwe,CK Coventry,BRM Taylor,Mohammad Ashraful,0,0,,,,,,,
ball,1,19.2,Zimbabwe,CK Coventry,BRM Taylor,Mohammad Ashraful,1,0,,,,,,,
ball,1,19.3,Zimbabwe,BRM Taylor,CK Coventry,Mohammad Ashraful,0,0,,,,,,,
ball,1,19.4,Zimbabwe,BRM Taylor,CK Coventry,Mohammad Ashraful,1,0,,,,,,,
ball,1,19.5,Zimbabwe,CK Coventry,BRM Taylor,Mohammad Ashraful,1,0,,,,,,,
ball,1,19.6,Zimbabwe,BRM Taylor,CK Coventry,Mohammad Ashraful,2,0,,,,,,,
ball,1,20.1,Zimbabwe,CK Coventry,BRM Taylor,Enamul Haque jnr,0,0,,,,,,,
ball,1,20.2,Zimbabwe,CK Coventry,BRM Taylor,Enamul Haque jnr,1,0,,,,,,,
ball,1,20.3,Zimbabwe,BRM Taylor,CK Coventry,Enamul Haque jnr,0,0,,,,,,,
ball,1,20.4,Zimbabwe,BRM Taylor,CK Coventry,Enamul Haque jnr,0,0,,,,,,lbw,BRM Taylor
ball,1,20.5,Zimbabwe,SC Williams,CK Coventry,Enamul Haque jnr,1,0,,,,,,,
ball,1,20.6,Zimbabwe,CK Coventry,SC Williams,Enamul Haque jnr,1,0,,,,,,,
ball,1,21.1,Zimbabwe,CK Coventry,SC Williams,Naeem Islam,0,0,,,,,,,
ball,1,21.2,Zimbabwe,CK Coventry,SC Williams,Naeem Islam,1,0,,,,,,,
ball,1,21.3,Zimbabwe,SC Williams,CK Coventry,Naeem Islam,1,0,,,,,,,
ball,1,21.4,Zimbabwe,CK Coventry,SC Williams,Naeem Islam,0,0,,,,,,,
ball,1,21.5,Zimbabwe,CK Coventry,SC Williams,Naeem Islam,0,0,,,,,,,
ball,1,21.6,Zimbabwe,CK Coventry,SC Williams,Naeem Islam,1,0,,,,,,,
ball,1,22.1,Zimbabwe,CK Coventry,SC Williams,Enamul Haque jnr,1,0,,,,,,,
ball,1,22.2,Zimbabwe,SC Williams,CK Coventry,Enamul Haque jnr,0,0,,,,,,,
ball,1,22.3,Zimbabwe,SC Williams,CK Coventry,Enamul Haque jnr,0,0,,,,,,,
ball,1,22.4,Zimbabwe,SC Williams,CK Coventry,Enamul Haque jnr,0,0,,,,,,,
ball,1,22.5,Zimbabwe,SC Williams,CK Coventry,Enamul Haque jnr,0,0,,,,,,,
ball,1,22.6,Zimbabwe,SC Williams,CK Coventry,Enamul Haque jnr,0,0,,,,,,,
ball,1,23.1,Zimbabwe,CK Coventry,SC Williams,Naeem Islam,0,0,,,,,,,
ball,1,23.2,Zimbabwe,CK Coventry,SC Williams,Naeem Islam,1,0,,,,,,,
ball,1,23.3,Zimbabwe,SC Williams,CK Coventry,Naeem Islam,0,0,,,,,,,
ball,1,23.4,Zimbabwe,SC Williams,CK Coventry,Naeem Islam,2,0,,,,,,,
ball,1,23.5,Zimbabwe,SC Williams,CK Coventry,Naeem Islam,0,0,,,,,,bowled,SC Williams
ball,1,23.6,Zimbabwe,S Matsikenyeri,CK Coventry,Naeem Islam,0,0,,,,,,,
ball,1,24.1,Zimbabwe,CK Coventry,S Matsikenyeri,Enamul Haque jnr,1,0,,,,,,,
ball,1,24.2,Zimbabwe,S Matsikenyeri,CK Coventry,Enamul Haque jnr,0,0,,,,,,,
ball,1,24.3,Zimbabwe,S Matsikenyeri,CK Coventry,Enamul Haque jnr,0,0,,,,,,,
ball,1,24.4,Zimbabwe,S Matsikenyeri,CK Coventry,Enamul Haque jnr,0,0,,,,,,,
ball,1,24.5,Zimbabwe,S Matsikenyeri,CK Coventry,Enamul Haque jnr,1,0,,,,,,,
ball,1,24.6,Zimbabwe,CK Coventry,S Matsikenyeri,Enamul Haque jnr,0,0,,,,,,,
ball,1,25.1,Zimbabwe,S Matsikenyeri,CK Coventry,Naeem Islam,1,0,,,,,,,
ball,1,25.2,Zimbabwe,CK Coventry,S Matsikenyeri,Naeem Islam,0,0,,,,,,,
ball,1,25.3,Zimbabwe,CK Coventry,S Matsikenyeri,Naeem Islam,2,0,,,,,,,
ball,1,25.4,Zimbabwe,CK Coventry,S Matsikenyeri,Naeem Islam,0,0,,,,,,,
ball,1,25.5,Zimbabwe,CK Coventry,S Matsikenyeri,Naeem Islam,1,0,,,,,,,
ball,1,25.6,Zimbabwe,S Matsikenyeri,CK Coventry,Naeem Islam,1,0,,,,,,,
ball,1,26.1,Zimbabwe,S Matsikenyeri,CK Coventry,Mahmudullah,0,0,,,,,,,
ball,1,26.2,Zimbabwe,S Matsikenyeri,CK Coventry,Mahmudullah,1,0,,,,,,,
ball,1,26.3,Zimbabwe,CK Coventry,S Matsikenyeri,Mahmudullah,1,0,,,,,,,
ball,1,26.4,Zimbabwe,S Matsikenyeri,CK Coventry,Mahmudullah,0,0,,,,,,,
ball,1,26.5,Zimbabwe,S Matsikenyeri,CK Coventry,Mahmudullah,0,0,,,,,,,
ball,1,26.6,Zimbabwe,S Matsikenyeri,CK Coventry,Mahmudullah,0,0,,,,,,,
ball,1,27.1,Zimbabwe,CK Coventry,S Matsikenyeri,Naeem Islam,0,0,,,,,,,
ball,1,27.2,Zimbabwe,CK Coventry,S Matsikenyeri,Naeem Islam,3,0,,,,,,,
ball,1,27.3,Zimbabwe,S Matsikenyeri,CK Coventry,Naeem Islam,0,0,,,,,,,
ball,1,27.4,Zimbabwe,S Matsikenyeri,CK Coventry,Naeem Islam,1,0,,,,,,,
ball,1,27.5,Zimbabwe,CK Coventry,S Matsikenyeri,Naeem Islam,0,0,,,,,,,
ball,1,27.6,Zimbabwe,CK Coventry,S Matsikenyeri,Naeem Islam,6,0,,,,,,,
ball,1,28.1,Zimbabwe,S Matsikenyeri,CK Coventry,Mahmudullah,0,0,,,,,,,
ball,1,28.2,Zimbabwe,S Matsikenyeri,CK Coventry,Mahmudullah,1,0,,,,,,,
ball,1,28.3,Zimbabwe,CK Coventry,S Matsikenyeri,Mahmudullah,1,0,,,,,,,
ball,1,28.4,Zimbabwe,S Matsikenyeri,CK Coventry,Mahmudullah,0,0,,,,,,,
ball,1,28.5,Zimbabwe,S Matsikenyeri,CK Coventry,Mahmudullah,2,0,,,,,,,
ball,1,28.6,Zimbabwe,S Matsikenyeri,CK Coventry,Mahmudullah,1,0,,,,,,,
ball,1,29.1,Zimbabwe,S Matsikenyeri,CK Coventry,Enamul Haque jnr,0,0,,,,,,,
ball,1,29.2,Zimbabwe,S Matsikenyeri,CK Coventry,Enamul Haque jnr,0,0,,,,,,,
ball,1,29.3,Zimbabwe,S Matsikenyeri,CK Coventry,Enamul Haque jnr,4,1,,1,,,,,
ball,1,29.4,Zimbabwe,S Matsikenyeri,CK Coventry,Enamul Haque jnr,1,0,,,,,,,
ball,1,29.5,Zimbabwe,CK Coventry,S Matsikenyeri,Enamul Haque jnr,0,0,,,,,,,
ball,1,29.6,Zimbabwe,CK Coventry,S Matsikenyeri,Enamul Haque jnr,1,0,,,,,,,
ball,1,29.7,Zimbabwe,S Matsikenyeri,CK Coventry,Enamul Haque jnr,0,0,,,,,,,
ball,1,30.1,Zimbabwe,CK Coventry,S Matsikenyeri,Shakib Al Hasan,2,0,,,,,,,
ball,1,30.2,Zimbabwe,CK Coventry,S Matsikenyeri,Shakib Al Hasan,1,0,,,,,,,
ball,1,30.3,Zimbabwe,S Matsikenyeri,CK Coventry,Shakib Al Hasan,0,0,,,,,,,
ball,1,30.4,Zimbabwe,S Matsikenyeri,CK Coventry,Shakib Al Hasan,1,0,,,,,,,
ball,1,30.5,Zimbabwe,CK Coventry,S Matsikenyeri,Shakib Al Hasan,0,0,,,,,,,
ball,1,30.6,Zimbabwe,CK Coventry,S Matsikenyeri,Shakib Al Hasan,1,0,,,,,,,
ball,1,31.1,Zimbabwe,CK Coventry,S Matsikenyeri,Mahmudullah,1,0,,,,,,,
ball,1,31.2,Zimbabwe,S Matsikenyeri,CK Coventry,Mahmudullah,0,0,,,,,,,
ball,1,31.3,Zimbabwe,S Matsikenyeri,CK Coventry,Mahmudullah,0,1,1,,,,,,
ball,1,31.4,Zimbabwe,S Matsikenyeri,CK Coventry,Mahmudullah,0,0,,,,,,,
ball,1,31.5,Zimbabwe,S Matsikenyeri,CK Coventry,Mahmudullah,0,0,,,,,,,
ball,1,31.6,Zimbabwe,S Matsikenyeri,CK Coventry,Mahmudullah,1,0,,,,,,,
ball,1,31.7,Zimbabwe,CK Coventry,S Matsikenyeri,Mahmudullah,4,0,,,,,,,
ball,1,32.1,Zimbabwe,S Matsikenyeri,CK Coventry,Mohammad Ashraful,1,0,,,,,,,
ball,1,32.2,Zimbabwe,CK Coventry,S Matsikenyeri,Mohammad Ashraful,1,0,,,,,,,
ball,1,32.3,Zimbabwe,S Matsikenyeri,CK Coventry,Mohammad Ashraful,0,0,,,,,,,
ball,1,32.4,Zimbabwe,S Matsikenyeri,CK Coventry,Mohammad Ashraful,1,0,,,,,,,
ball,1,32.5,Zimbabwe,CK Coventry,S Matsikenyeri,Mohammad Ashraful,0,0,,,,,,,
ball,1,32.6,Zimbabwe,CK Coventry,S Matsikenyeri,Mohammad Ashraful,0,0,,,,,,,
ball,1,33.1,Zimbabwe,S Matsikenyeri,CK Coventry,Mahbubul Alam,0,0,,,,,,,
ball,1,33.2,Zimbabwe,S Matsikenyeri,CK Coventry,Mahbubul Alam,1,0,,,,,,,
ball,1,33.3,Zimbabwe,CK Coventry,S Matsikenyeri,Mahbubul Alam,0,0,,,,,,,
ball,1,33.4,Zimbabwe,CK Coventry,S Matsikenyeri,Mahbubul Alam,1,0,,,,,,,
ball,1,33.5,Zimbabwe,S Matsikenyeri,CK Coventry,Mahbubul Alam,2,0,,,,,,,
ball,1,33.6,Zimbabwe,S Matsikenyeri,CK Coventry,Mahbubul Alam,1,0,,,,,,,
ball,1,34.1,Zimbabwe,S Matsikenyeri,CK Coventry,Naeem Islam,1,0,,,,,,,
ball,1,34.2,Zimbabwe,CK Coventry,S Matsikenyeri,Naeem Islam,2,0,,,,,,,
ball,1,34.3,Zimbabwe,CK Coventry,S Matsikenyeri,Naeem Islam,1,0,,,,,,,
ball,1,34.4,Zimbabwe,S Matsikenyeri,CK Coventry,Naeem Islam,2,0,,,,,,,
ball,1,34.5,Zimbabwe,S Matsikenyeri,CK Coventry,Naeem Islam,2,0,,,,,,,
ball,1,34.6,Zimbabwe,S Matsikenyeri,CK Coventry,Naeem Islam,0,0,,,,,,,
ball,1,35.1,Zimbabwe,CK Coventry,S Matsikenyeri,Mahbubul Alam,0,0,,,,,,,
ball,1,35.2,Zimbabwe,CK Coventry,S Matsikenyeri,Mahbubul Alam,0,0,,,,,,,
ball,1,35.3,Zimbabwe,CK Coventry,S Matsikenyeri,Mahbubul Alam,0,0,,,,,,,
ball,1,35.4,Zimbabwe,CK Coventry,S Matsikenyeri,Mahbubul Alam,0,1,,,1,,,,
ball,1,35.5,Zimbabwe,S Matsikenyeri,CK Coventry,Mahbubul Alam,1,0,,,,,,,
ball,1,35.6,Zimbabwe,CK Coventry,S Matsikenyeri,Mahbubul Alam,0,1,1,,,,,,
ball,1,35.7,Zimbabwe,CK Coventry,S Matsikenyeri,Mahbubul Alam,1,0,,,,,,,
ball,1,36.1,Zimbabwe,CK Coventry,S Matsikenyeri,Mahmudullah,0,0,,,,,,,
ball,1,36.2,Zimbabwe,CK Coventry,S Matsikenyeri,Mahmudullah,1,0,,,,,,,
ball,1,36.3,Zimbabwe,S Matsikenyeri,CK Coventry,Mahmudullah,1,0,,,,,,,
ball,1,36.4,Zimbabwe,CK Coventry,S Matsikenyeri,Mahmudullah,1,0,,,,,,,
ball,1,36.5,Zimbabwe,S Matsikenyeri,CK Coventry,Mahmudullah,1,0,,,,,,,
ball,1,36.6,Zimbabwe,CK Coventry,S Matsikenyeri,Mahmudullah,1,0,,,,,,,
ball,1,37.1,Zimbabwe,CK Coventry,S Matsikenyeri,Mahbubul Alam,0,1,1,,,,,,
ball,1,37.2,Zimbabwe,CK Coventry,S Matsikenyeri,Mahbubul Alam,0,0,,,,,,,
ball,1,37.3,Zimbabwe,CK Coventry,S Matsikenyeri,Mahbubul Alam,1,0,,,,,,,
ball,1,37.4,Zimbabwe,S Matsikenyeri,CK Coventry,Mahbubul Alam,1,0,,,,,,,
ball,1,37.5,Zimbabwe,CK Coventry,S Matsikenyeri,Mahbubul Alam,2,0,,,,,,,
ball,1,37.6,Zimbabwe,CK Coventry,S Matsikenyeri,Mahbubul Alam,6,0,,,,,,,
ball,1,37.7,Zimbabwe,CK Coventry,S Matsikenyeri,Mahbubul Alam,4,0,,,,,,,
ball,1,38.1,Zimbabwe,S Matsikenyeri,CK Coventry,Syed Rasel,0,1,,,,1,,,
ball,1,38.2,Zimbabwe,CK Coventry,S Matsikenyeri,Syed Rasel,1,0,,,,,,,
ball,1,38.3,Zimbabwe,S Matsikenyeri,CK Coventry,Syed Rasel,0,0,,,,,,,
ball,1,38.4,Zimbabwe,S Matsikenyeri,CK Coventry,Syed Rasel,1,0,,,,,,,
ball,1,38.5,Zimbabwe,CK Coventry,S Matsikenyeri,Syed Rasel,0,0,,,,,,,
ball,1,38.6,Zimbabwe,CK Coventry,S Matsikenyeri,Syed Rasel,0,0,,,,,,,
ball,1,39.1,Zimbabwe,S Matsikenyeri,CK Coventry,Shakib Al Hasan,0,0,,,,,,,
ball,1,39.2,Zimbabwe,S Matsikenyeri,CK Coventry,Shakib Al Hasan,0,1,1,,,,,,
ball,1,39.3,Zimbabwe,S Matsikenyeri,CK Coventry,Shakib Al Hasan,1,0,,,,,,,
ball,1,39.4,Zimbabwe,CK Coventry,S Matsikenyeri,Shakib Al Hasan,2,0,,,,,,,
ball,1,39.5,Zimbabwe,CK Coventry,S Matsikenyeri,Shakib Al Hasan,0,0,,,,,,,
ball,1,39.6,Zimbabwe,CK Coventry,S Matsikenyeri,Shakib Al Hasan,2,0,,,,,,,
ball,1,39.7,Zimbabwe,CK Coventry,S Matsikenyeri,Shakib Al Hasan,4,0,,,,,,,
ball,1,40.1,Zimbabwe,S Matsikenyeri,CK Coventry,Syed Rasel,1,0,,,,,,,
ball,1,40.2,Zimbabwe,CK Coventry,S Matsikenyeri,Syed Rasel,1,0,,,,,,,
ball,1,40.3,Zimbabwe,S Matsikenyeri,CK Coventry,Syed Rasel,0,0,,,,,,,
ball,1,40.4,Zimbabwe,S Matsikenyeri,CK Coventry,Syed Rasel,1,0,,,,,,,
ball,1,40.5,Zimbabwe,CK Coventry,S Matsikenyeri,Syed Rasel,4,0,,,,,,,
ball,1,40.6,Zimbabwe,CK Coventry,S Matsikenyeri,Syed Rasel,2,0,,,,,,,
ball,1,41.1,Zimbabwe,S Matsikenyeri,CK Coventry,Shakib Al Hasan,2,0,,,,,,,
ball,1,41.2,Zimbabwe,S Matsikenyeri,CK Coventry,Shakib Al Hasan,0,0,,,,,,run out,S Matsikenyeri
ball,1,41.3,Zimbabwe,E Chigumbura,CK Coventry,Shakib Al Hasan,0,0,,,,,,,
ball,1,41.4,Zimbabwe,E Chigumbura,CK Coventry,Shakib Al Hasan,0,0,,,,,,,
ball,1,41.5,Zimbabwe,E Chigumbura,CK Coventry,Shakib Al Hasan,0,0,,,,,,,
ball,1,41.6,Zimbabwe,E Chigumbura,CK Coventry,Shakib Al Hasan,2,0,,,,,,,
ball,1,42.1,Zimbabwe,CK Coventry,E Chigumbura,Enamul Haque jnr,0,0,,,,,,,
ball,1,42.2,Zimbabwe,CK Coventry,E Chigumbura,Enamul Haque jnr,1,0,,,,,,,
ball,1,42.3,Zimbabwe,E Chigumbura,CK Coventry,Enamul Haque jnr,0,1,,,,1,,,
ball,1,42.4,Zimbabwe,CK Coventry,E Chigumbura,Enamul Haque jnr,0,0,,,,,,,
ball,1,42.5,Zimbabwe,CK Coventry,E Chigumbura,Enamul Haque jnr,4,0,,,,,,,
ball,1,42.6,Zimbabwe,CK Coventry,E Chigumbura,Enamul Haque jnr,1,0,,,,,,,
ball,1,43.1,Zimbabwe,CK Coventry,E Chigumbura,Shakib Al Hasan,0,1,1,,,,,,
ball,1,43.2,Zimbabwe,CK Coventry,E Chigumbura,Shakib Al Hasan,2,0,,,,,,,
ball,1,43.3,Zimbabwe,CK Coventry,E Chigumbura,Shakib Al Hasan,2,0,,,,,,,
ball,1,43.4,Zimbabwe,CK Coventry,E Chigumbura,Shakib Al Hasan,1,0,,,,,,,
ball,1,43.5,Zimbabwe,E Chigumbura,CK Coventry,Shakib Al Hasan,0,0,,,,,,,
ball,1,43.6,Zimbabwe,E Chigumbura,CK Coventry,Shakib Al Hasan,2,0,,,,,,,
ball,1,43.7,Zimbabwe,E Chigumbura,CK Coventry,Shakib Al Hasan,6,0,,,,,,,
ball,1,44.1,Zimbabwe,CK Coventry,E Chigumbura,Enamul Haque jnr,4,0,,,,,,,
ball,1,44.2,Zimbabwe,CK Coventry,E Chigumbura,Enamul Haque jnr,2,0,,,,,,,
ball,1,44.3,Zimbabwe,CK Coventry,E Chigumbura,Enamul Haque jnr,2,0,,,,,,,
ball,1,44.4,Zimbabwe,CK Coventry,E Chigumbura,Enamul Haque jnr,2,0,,,,,,,
ball,1,44.5,Zimbabwe,CK Coventry,E Chigumbura,Enamul Haque jnr,0,0,,,,,,,
ball,1,44.6,Zimbabwe,CK Coventry,E Chigumbura,Enamul Haque jnr,6,0,,,,,,,
ball,1,45.1,Zimbabwe,E Chigumbura,CK Coventry,Shakib Al Hasan,4,0,,,,,,,
ball,1,45.2,Zimbabwe,E Chigumbura,CK Coventry,Shakib Al Hasan,0,1,,,,1,,,
ball,1,45.3,Zimbabwe,CK Coventry,E Chigumbura,Shakib Al Hasan,6,0,,,,,,,
ball,1,45.4,Zimbabwe,CK Coventry,E Chigumbura,Shakib Al Hasan,6,0,,,,,,,
ball,1,45.5,Zimbabwe,CK Coventry,E Chigumbura,Shakib Al Hasan,4,0,,,,,,,
ball,1,45.6,Zimbabwe,CK Coventry,E Chigumbura,Shakib Al Hasan,0,0,,,,,,,
ball,1,46.1,Zimbabwe,E Chigumbura,CK Coventry,Enamul Haque jnr,1,0,,,,,,,
ball,1,46.2,Zimbabwe,CK Coventry,E Chigumbura,Enamul Haque jnr,2,0,,,,,,,
ball,1,46.3,Zimbabwe,CK Coventry,E Chigumbura,Enamul Haque jnr,1,0,,,,,,,
ball,1,46.4,Zimbabwe,E Chigumbura,CK Coventry,Enamul Haque jnr,0,0,,,,,,caught,E Chigumbura
ball,1,46.5,Zimbabwe,CK Coventry,MN Waller,Enamul Haque jnr,4,0,,,,,,,
ball,1,46.6,Zimbabwe,CK Coventry,MN Waller,Enamul Haque jnr,1,0,,,,,,,
ball,1,47.1,Zimbabwe,CK Coventry,MN Waller,Syed Rasel,1,0,,,,,,,
ball,1,47.2,Zimbabwe,MN Waller,CK Coventry,Syed Rasel,0,1,1,,,,,,
ball,1,47.3,Zimbabwe,MN Waller,CK Coventry,Syed Rasel,1,0,,,,,,,
ball,1,47.4,Zimbabwe,CK Coventry,MN Waller,Syed Rasel,1,0,,,,,,,
ball,1,47.5,Zimbabwe,MN Waller,CK Coventry,Syed Rasel,0,0,,,,,,,
ball,1,47.6,Zimbabwe,MN Waller,CK Coventry,Syed Rasel,1,0,,,,,,,
ball,1,47.7,Zimbabwe,CK Coventry,MN Waller,Syed Rasel,1,0,,,,,,,
ball,1,48.1,Zimbabwe,CK Coventry,MN Waller,Mahbubul Alam,0,0,,,,,,,
ball,1,48.2,Zimbabwe,CK Coventry,MN Waller,Mahbubul Alam,6,0,,,,,,,
ball,1,48.3,Zimbabwe,CK Coventry,MN Waller,Mahbubul Alam,1,0,,,,,,,
ball,1,48.4,Zimbabwe,MN Waller,CK Coventry,Mahbubul Alam,1,0,,,,,,,
ball,1,48.5,Zimbabwe,CK Coventry,MN Waller,Mahbubul Alam,1,0,,,,,,,
ball,1,48.6,Zimbabwe,MN Waller,CK Coventry,Mahbubul Alam,0,0,,,,,,bowled,MN Waller
ball,1,49.1,Zimbabwe,CK Coventry,T Mupariwa,Syed Rasel,1,0,,,,,,,
ball,1,49.2,Zimbabwe,T Mupariwa,CK Coventry,Syed Rasel,0,0,,,,,,lbw,T Mupariwa
ball,1,49.3,Zimbabwe,P Utseya,CK Coventry,Syed Rasel,4,0,,,,,,,
ball,1,49.4,Zimbabwe,P Utseya,CK Coventry,Syed Rasel,2,0,,,,,,,
ball,1,49.5,Zimbabwe,P Utseya,CK Coventry,Syed Rasel,1,0,,,,,,,
ball,1,49.6,Zimbabwe,CK Coventry,P Utseya,Syed Rasel,2,0,,,,,,,
ball,2,0.1,Bangladesh,Tamim Iqbal,Junaid Siddique,T Mupariwa,0,0,,,,,,,
ball,2,0.2,Bangladesh,Tamim Iqbal,Junaid Siddique,T Mupariwa,0,0,,,,,,,
ball,2,0.3,Bangladesh,Tamim Iqbal,Junaid Siddique,T Mupariwa,0,1,1,,,,,,
ball,2,0.4,Bangladesh,Tamim Iqbal,Junaid Siddique,T Mupariwa,0,0,,,,,,,
ball,2,0.5,Bangladesh,Tamim Iqbal,Junaid Siddique,T Mupariwa,1,0,,,,,,,
ball,2,0.6,Bangladesh,Junaid Siddique,Tamim Iqbal,T Mupariwa,1,0,,,,,,,
ball,2,0.7,Bangladesh,Tamim Iqbal,Junaid Siddique,T Mupariwa,1,0,,,,,,,
ball,2,1.1,Bangladesh,Tamim Iqbal,Junaid Siddique,E Chigumbura,0,0,,,,,,,
ball,2,1.2,Bangladesh,Tamim Iqbal,Junaid Siddique,E Chigumbura,0,0,,,,,,,
ball,2,1.3,Bangladesh,Tamim Iqbal,Junaid Siddique,E Chigumbura,0,0,,,,,,,
ball,2,1.4,Bangladesh,Tamim Iqbal,Junaid Siddique,E Chigumbura,0,0,,,,,,,
ball,2,1.5,Bangladesh,Tamim Iqbal,Junaid Siddique,E Chigumbura,1,0,,,,,,,
ball,2,1.6,Bangladesh,Junaid Siddique,Tamim Iqbal,E Chigumbura,0,0,,,,,,,
ball,2,2.1,Bangladesh,Tamim Iqbal,Junaid Siddique,T Mupariwa,0,0,,,,,,,
ball,2,2.2,Bangladesh,Tamim Iqbal,Junaid Siddique,T Mupariwa,3,0,,,,,,,
ball,2,2.3,Bangladesh,Junaid Siddique,Tamim Iqbal,T Mupariwa,0,0,,,,,,,
ball,2,2.4,Bangladesh,Junaid Siddique,Tamim Iqbal,T Mupariwa,1,0,,,,,,,
ball,2,2.5,Bangladesh,Tamim Iqbal,Junaid Siddique,T Mupariwa,0,0,,,,,,,
ball,2,2.6,Bangladesh,Tamim Iqbal,Junaid Siddique,T Mupariwa,0,0,,,,,,,
ball,2,3.1,Bangladesh,Junaid Siddique,Tamim Iqbal,E Chigumbura,4,0,,,,,,,
ball,2,3.2,Bangladesh,Junaid Siddique,Tamim Iqbal,E Chigumbura,0,0,,,,,,,
ball,2,3.3,Bangladesh,Junaid Siddique,Tamim Iqbal,E Chigumbura,2,0,,,,,,,
ball,2,3.4,Bangladesh,Junaid Siddique,Tamim Iqbal,E Chigumbura,4,0,,,,,,,
ball,2,3.5,Bangladesh,Junaid Siddique,Tamim Iqbal,E Chigumbura,0,0,,,,,,,
ball,2,3.6,Bangladesh,Junaid Siddique,Tamim Iqbal,E Chigumbura,4,0,,,,,,,
ball,2,4.1,Bangladesh,Tamim Iqbal,Junaid Siddique,T Mupariwa,4,0,,,,,,,
ball,2,4.2,Bangladesh,Tamim Iqbal,Junaid Siddique,T Mupariwa,1,0,,,,,,,
ball,2,4.3,Bangladesh,Junaid Siddique,Tamim Iqbal,T Mupariwa,0,0,,,,,,,
ball,2,4.4,Bangladesh,Junaid Siddique,Tamim Iqbal,T Mupariwa,1,0,,,,,,,
ball,2,4.5,Bangladesh,Tamim Iqbal,Junaid Siddique,T Mupariwa,0,1,1,,,,,,
ball,2,4.6,Bangladesh,Tamim Iqbal,Junaid Siddique,T Mupariwa,1,0,,,,,,,
ball,2,4.7,Bangladesh,Junaid Siddique,Tamim Iqbal,T Mupariwa,2,0,,,,,,,
ball,2,5.1,Bangladesh,Tamim Iqbal,Junaid Siddique,E Chigumbura,0,0,,,,,,,
ball,2,5.2,Bangladesh,Tamim Iqbal,Junaid Siddique,E Chigumbura,4,0,,,,,,,
ball,2,5.3,Bangladesh,Tamim Iqbal,Junaid Siddique,E Chigumbura,0,0,,,,,,,
ball,2,5.4,Bangladesh,Tamim Iqbal,Junaid Siddique,E Chigumbura,0,0,,,,,,,
ball,2,5.5,Bangladesh,Tamim Iqbal,Junaid Siddique,E Chigumbura,0,0,,,,,,,
ball,2,5.6,Bangladesh,Tamim Iqbal,Junaid Siddique,E Chigumbura,2,0,,,,,,,
ball,2,6.1,Bangladesh,Junaid Siddique,Tamim Iqbal,T Mupariwa,2,0,,,,,,,
ball,2,6.2,Bangladesh,Junaid Siddique,Tamim Iqbal,T Mupariwa,0,0,,,,,,,
ball,2,6.3,Bangladesh,Junaid Siddique,Tamim Iqbal,T Mupariwa,4,0,,,,,,,
ball,2,6.4,Bangladesh,Junaid Siddique,Tamim Iqbal,T Mupariwa,1,0,,,,,,,
ball,2,6.5,Bangladesh,Tamim Iqbal,Junaid Siddique,T Mupariwa,2,0,,,,,,,
ball,2,6.6,Bangladesh,Tamim Iqbal,Junaid Siddique,T Mupariwa,1,0,,,,,,,
ball,2,7.1,Bangladesh,Tamim Iqbal,Junaid Siddique,E Chigumbura,0,0,,,,,,,
ball,2,7.2,Bangladesh,Tamim Iqbal,Junaid Siddique,E Chigumbura,1,0,,,,,,,
ball,2,7.3,Bangladesh,Junaid Siddique,Tamim Iqbal,E Chigumbura,4,0,,,,,,,
ball,2,7.4,Bangladesh,Junaid Siddique,Tamim Iqbal,E Chigumbura,4,0,,,,,,,
ball,2,7.5,Bangladesh,Junaid Siddique,Tamim Iqbal,E Chigumbura,0,1,1,,,,,,
ball,2,7.6,Bangladesh,Junaid Siddique,Tamim Iqbal,E Chigumbura,0,1,1,,,,,,
ball,2,7.7,Bangladesh,Junaid Siddique,Tamim Iqbal,E Chigumbura,0,0,,,,,,,
ball,2,7.8,Bangladesh,Junaid Siddique,Tamim Iqbal,E Chigumbura,1,0,,,,,,,
ball,2,8.1,Bangladesh,Junaid Siddique,Tamim Iqbal,P Utseya,0,0,,,,,,,
ball,2,8.2,Bangladesh,Junaid Siddique,Tamim Iqbal,P Utseya,0,0,,,,,,,
ball,2,8.3,Bangladesh,Junaid Siddique,Tamim Iqbal,P Utseya,2,0,,,,,,,
ball,2,8.4,Bangladesh,Junaid Siddique,Tamim Iqbal,P Utseya,1,0,,,,,,,
ball,2,8.5,Bangladesh,Tamim Iqbal,Junaid Siddique,P Utseya,1,0,,,,,,,
ball,2,8.6,Bangladesh,Junaid Siddique,Tamim Iqbal,P Utseya,0,0,,,,,,,
ball,2,9.1,Bangladesh,Tamim Iqbal,Junaid Siddique,H Masakadza,0,0,,,,,,,
ball,2,9.2,Bangladesh,Tamim Iqbal,Junaid Siddique,H Masakadza,2,0,,,,,,,
ball,2,9.3,Bangladesh,Tamim Iqbal,Junaid Siddique,H Masakadza,1,0,,,,,,,
ball,2,9.4,Bangladesh,Junaid Siddique,Tamim Iqbal,H Masakadza,0,0,,,,,,caught,Junaid Siddique
ball,2,9.5,Bangladesh,Mohammad Ashraful,Tamim Iqbal,H Masakadza,0,1,1,,,,,,
ball,2,9.6,Bangladesh,Mohammad Ashraful,Tamim Iqbal,H Masakadza,0,0,,,,,,,
ball,2,9.7,Bangladesh,Mohammad Ashraful,Tamim Iqbal,H Masakadza,0,0,,,,,,,
ball,2,10.1,Bangladesh,Tamim Iqbal,Mohammad Ashraful,P Utseya,1,0,,,,,,,
ball,2,10.2,Bangladesh,Mohammad Ashraful,Tamim Iqbal,P Utseya,0,0,,,,,,,
ball,2,10.3,Bangladesh,Mohammad Ashraful,Tamim Iqbal,P Utseya,1,0,,,,,,,
ball,2,10.4,Bangladesh,Tamim Iqbal,Mohammad Ashraful,P Utseya,0,0,,,,,,,
ball,2,10.5,Bangladesh,Tamim Iqbal,Mohammad Ashraful,P Utseya,0,0,,,,,,,
ball,2,10.6,Bangladesh,Tamim Iqbal,Mohammad Ashraful,P Utseya,1,0,,,,,,,
ball,2,10.7,Bangladesh,Mohammad Ashraful,Tamim Iqbal,P Utseya,0,0,,,,,,,
ball,2,11.1,Bangladesh,Tamim Iqbal,Mohammad Ashraful,H Masakadza,1,0,,,,,,,
ball,2,11.2,Bangladesh,Mohammad Ashraful,Tamim Iqbal,H Masakadza,0,0,,,,,,,
ball,2,11.3,Bangladesh,Mohammad Ashraful,Tamim Iqbal,H Masakadza,0,0,,,,,,,
ball,2,11.4,Bangladesh,Mohammad Ashraful,Tamim Iqbal,H Masakadza,0,0,,,,,,,
ball,2,11.5,Bangladesh,Mohammad Ashraful,Tamim Iqbal,H Masakadza,0,0,,,,,,,
ball,2,11.6,Bangladesh,Mohammad Ashraful,Tamim Iqbal,H Masakadza,1,0,,,,,,,
ball,2,12.1,Bangladesh,Mohammad Ashraful,Tamim Iqbal,T Mupariwa,0,0,,,,,,,
ball,2,12.2,Bangladesh,Mohammad Ashraful,Tamim Iqbal,T Mupariwa,0,0,,,,,,,
ball,2,12.3,Bangladesh,Mohammad Ashraful,Tamim Iqbal,T Mupariwa,1,0,,,,,,,
ball,2,12.4,Bangladesh,Tamim Iqbal,Mohammad Ashraful,T Mupariwa,0,0,,,,,,,
ball,2,12.5,Bangladesh,Tamim Iqbal,Mohammad Ashraful,T Mupariwa,0,0,,,,,,,
ball,2,12.6,Bangladesh,Tamim Iqbal,Mohammad Ashraful,T Mupariwa,1,0,,,,,,,
ball,2,13.1,Bangladesh,Tamim Iqbal,Mohammad Ashraful,H Masakadza,0,0,,,,,,,
ball,2,13.2,Bangladesh,Tamim Iqbal,Mohammad Ashraful,H Masakadza,2,0,,,,,,,
ball,2,13.3,Bangladesh,Tamim Iqbal,Mohammad Ashraful,H Masakadza,2,0,,,,,,,
ball,2,13.4,Bangladesh,Tamim Iqbal,Mohammad Ashraful,H Masakadza,1,0,,,,,,,
ball,2,13.5,Bangladesh,Mohammad Ashraful,Tamim Iqbal,H Masakadza,0,0,,,,,,,
ball,2,13.6,Bangladesh,Mohammad Ashraful,Tamim Iqbal,H Masakadza,1,0,,,,,,,
ball,2,14.1,Bangladesh,Mohammad Ashraful,Tamim Iqbal,T Mupariwa,0,0,,,,,,,
ball,2,14.2,Bangladesh,Mohammad Ashraful,Tamim Iqbal,T Mupariwa,1,0,,,,,,,
ball,2,14.3,Bangladesh,Tamim Iqbal,Mohammad Ashraful,T Mupariwa,4,0,,,,,,,
ball,2,14.4,Bangladesh,Tamim Iqbal,Mohammad Ashraful,T Mupariwa,1,0,,,,,,,
ball,2,14.5,Bangladesh,Mohammad Ashraful,Tamim Iqbal,T Mupariwa,1,0,,,,,,,
ball,2,14.6,Bangladesh,Tamim Iqbal,Mohammad Ashraful,T Mupariwa,0,0,,,,,,,
ball,2,15.1,Bangladesh,Mohammad Ashraful,Tamim Iqbal,P Utseya,0,0,,,,,,,
ball,2,15.2,Bangladesh,Mohammad Ashraful,Tamim Iqbal,P Utseya,0,0,,,,,,,
ball,2,15.3,Bangladesh,Mohammad Ashraful,Tamim Iqbal,P Utseya,0,0,,,,,,,
ball,2,15.4,Bangladesh,Mohammad Ashraful,Tamim Iqbal,P Utseya,2,0,,,,,,,
ball,2,15.5,Bangladesh,Mohammad Ashraful,Tamim Iqbal,P Utseya,0,0,,,,,,,
ball,2,15.6,Bangladesh,Mohammad Ashraful,Tamim Iqbal,P Utseya,1,0,,,,,,,
ball,2,16.1,Bangladesh,Mohammad Ashraful,Tamim Iqbal,RW Price,1,0,,,,,,,
ball,2,16.2,Bangladesh,Tamim Iqbal,Mohammad Ashraful,RW Price,1,0,,,,,,,
ball,2,16.3,Bangladesh,Mohammad Ashraful,Tamim Iqbal,RW Price,0,0,,,,,,,
ball,2,16.4,Bangladesh,Mohammad Ashraful,Tamim Iqbal,RW Price,0,0,,,,,,,
ball,2,16.5,Bangladesh,Mohammad Ashraful,Tamim Iqbal,RW Price,0,0,,,,,,caught,Mohammad Ashraful
ball,2,16.6,Bangladesh,Raqibul Hasan,Tamim Iqbal,RW Price,0,0,,,,,,,
ball,2,17.1,Bangladesh,Tamim Iqbal,Raqibul Hasan,MN Waller,1,0,,,,,,,
ball,2,17.2,Bangladesh,Raqibul Hasan,Tamim Iqbal,MN Waller,1,0,,,,,,,
ball,2,17.3,Bangladesh,Tamim Iqbal,Raqibul Hasan,MN Waller,1,0,,,,,,,
ball,2,17.4,Bangladesh,Raqibul Hasan,Tamim Iqbal,MN Waller,0,0,,,,,,,
ball,2,17.5,Bangladesh,Raqibul Hasan,Tamim Iqbal,MN Waller,1,0,,,,,,,
ball,2,17.6,Bangladesh,Tamim Iqbal,Raqibul Hasan,MN Waller,0,1,1,,,,,,
ball,2,17.7,Bangladesh,Tamim Iqbal,Raqibul Hasan,MN Waller,0,1,1,,,,,,
ball,2,17.8,Bangladesh,Tamim Iqbal,Raqibul Hasan,MN Waller,1,0,,,,,,,
ball,2,18.1,Bangladesh,Tamim Iqbal,Raqibul Hasan,RW Price,1,0,,,,,,,
ball,2,18.2,Bangladesh,Raqibul Hasan,Tamim Iqbal,RW Price,0,0,,,,,,,
ball,2,18.3,Bangladesh,Raqibul Hasan,Tamim Iqbal,RW Price,1,0,,,,,,,
ball,2,18.4,Bangladesh,Tamim Iqbal,Raqibul Hasan,RW Price,0,0,,,,,,,
ball,2,18.5,Bangladesh,Tamim Iqbal,Raqibul Hasan,RW Price,0,1,1,,,,,,
ball,2,18.6,Bangladesh,Tamim Iqbal,Raqibul Hasan,RW Price,2,0,,,,,,,
ball,2,18.7,Bangladesh,Tamim Iqbal,Raqibul Hasan,RW Price,1,0,,,,,,,
ball,2,19.1,Bangladesh,Tamim Iqbal,Raqibul Hasan,MN Waller,0,0,,,,,,,
ball,2,19.2,Bangladesh,Tamim Iqbal,Raqibul Hasan,MN Waller,0,0,,,,,,,
ball,2,19.3,Bangladesh,Tamim Iqbal,Raqibul Hasan,MN Waller,0,0,,,,,,,
ball,2,19.4,Bangladesh,Tamim Iqbal,Raqibul Hasan,MN Waller,0,0,,,,,,,
ball,2,19.5,Bangladesh,Tamim Iqbal,Raqibul Hasan,MN Waller,1,0,,,,,,,
ball,2,19.6,Bangladesh,Raqibul Hasan,Tamim Iqbal,MN Waller,0,0,,,,,,,
ball,2,20.1,Bangladesh,Tamim Iqbal,Raqibul Hasan,RW Price,0,0,,,,,,,
ball,2,20.2,Bangladesh,Tamim Iqbal,Raqibul Hasan,RW Price,1,0,,,,,,,
ball,2,20.3,Bangladesh,Raqibul Hasan,Tamim Iqbal,RW Price,0,0,,,,,,,
ball,2,20.4,Bangladesh,Raqibul Hasan,Tamim Iqbal,RW Price,4,0,,,,,,,
ball,2,20.5,Bangladesh,Raqibul Hasan,Tamim Iqbal,RW Price,1,0,,,,,,,
ball,2,20.6,Bangladesh,Tamim Iqbal,Raqibul Hasan,RW Price,1,0,,,,,,,
ball,2,21.1,Bangladesh,Tamim Iqbal,Raqibul Hasan,MN Waller,6,0,,,,,,,
ball,2,21.2,Bangladesh,Tamim Iqbal,Raqibul Hasan,MN Waller,6,0,,,,,,,
ball,2,21.3,Bangladesh,Tamim Iqbal,Raqibul Hasan,MN Waller,4,0,,,,,,,
ball,2,21.4,Bangladesh,Tamim Iqbal,Raqibul Hasan,MN Waller,1,0,,,,,,,
ball,2,21.5,Bangladesh,Raqibul Hasan,Tamim Iqbal,MN Waller,0,0,,,,,,,
ball,2,21.6,Bangladesh,Raqibul Hasan,Tamim Iqbal,MN Waller,1,0,,,,,,,
ball,2,22.1,Bangladesh,Raqibul Hasan,Tamim Iqbal,RW Price,0,0,,,,,,,
ball,2,22.2,Bangladesh,Raqibul Hasan,Tamim Iqbal,RW Price,1,0,,,,,,,
ball,2,22.3,Bangladesh,Tamim Iqbal,Raqibul Hasan,RW Price,0,0,,,,,,,
ball,2,22.4,Bangladesh,Tamim Iqbal,Raqibul Hasan,RW Price,0,0,,,,,,,
ball,2,22.5,Bangladesh,Tamim Iqbal,Raqibul Hasan,RW Price,1,0,,,,,,,
ball,2,22.6,Bangladesh,Raqibul Hasan,Tamim Iqbal,RW Price,1,0,,,,,,,
ball,2,23.1,Bangladesh,Raqibul Hasan,Tamim Iqbal,E Chigumbura,2,0,,,,,,,
ball,2,23.2,Bangladesh,Raqibul Hasan,Tamim Iqbal,E Chigumbura,0,0,,,,,,,
ball,2,23.3,Bangladesh,Raqibul Hasan,Tamim Iqbal,E Chigumbura,1,0,,,,,,,
ball,2,23.4,Bangladesh,Tamim Iqbal,Raqibul Hasan,E Chigumbura,0,0,,,,,,,
ball,2,23.5,Bangladesh,Tamim Iqbal,Raqibul Hasan,E Chigumbura,2,0,,,,,,,
ball,2,23.6,Bangladesh,Tamim Iqbal,Raqibul Hasan,E Chigumbura,0,0,,,,,,,
ball,2,24.1,Bangladesh,Raqibul Hasan,Tamim Iqbal,RW Price,0,1,1,,,,,,
ball,2,24.2,Bangladesh,Raqibul Hasan,Tamim Iqbal,RW Price,0,0,,,,,,,
ball,2,24.3,Bangladesh,Raqibul Hasan,Tamim Iqbal,RW Price,0,0,,,,,,,
ball,2,24.4,Bangladesh,Raqibul Hasan,Tamim Iqbal,RW Price,1,0,,,,,,,
ball,2,24.5,Bangladesh,Tamim Iqbal,Raqibul Hasan,RW Price,6,0,,,,,,,
ball,2,24.6,Bangladesh,Tamim Iqbal,Raqibul Hasan,RW Price,1,0,,,,,,,
ball,2,24.7,Bangladesh,Raqibul Hasan,Tamim Iqbal,RW Price,0,0,,,,,,,
ball,2,24.8,Bangladesh,Raqibul Hasan,Tamim Iqbal,RW Price,1,0,,,,,,,
ball,2,25.1,Bangladesh,Raqibul Hasan,Tamim Iqbal,E Chigumbura,1,0,,,,,,,
ball,2,25.2,Bangladesh,Tamim Iqbal,Raqibul Hasan,E Chigumbura,1,0,,,,,,,
ball,2,25.3,Bangladesh,Raqibul Hasan,Tamim Iqbal,E Chigumbura,1,0,,,,,,,
ball,2,25.4,Bangladesh,Tamim Iqbal,Raqibul Hasan,E Chigumbura,0,0,,,,,,,
ball,2,25.5,Bangladesh,Tamim Iqbal,Raqibul Hasan,E Chigumbura,0,0,,,,,,,
ball,2,25.6,Bangladesh,Tamim Iqbal,Raqibul Hasan,E Chigumbura,1,0,,,,,,,
ball,2,26.1,Bangladesh,Tamim Iqbal,Raqibul Hasan,P Utseya,1,0,,,,,,,
ball,2,26.2,Bangladesh,Raqibul Hasan,Tamim Iqbal,P Utseya,1,0,,,,,,,
ball,2,26.3,Bangladesh,Tamim Iqbal,Raqibul Hasan,P Utseya,1,0,,,,,,,
ball,2,26.4,Bangladesh,Raqibul Hasan,Tamim Iqbal,P Utseya,0,0,,,,,,,
ball,2,26.5,Bangladesh,Raqibul Hasan,Tamim Iqbal,P Utseya,0,0,,,,,,,
ball,2,26.6,Bangladesh,Raqibul Hasan,Tamim Iqbal,P Utseya,1,0,,,,,,,
ball,2,27.1,Bangladesh,Raqibul Hasan,Tamim Iqbal,E Chigumbura,0,0,,,,,,,
ball,2,27.2,Bangladesh,Raqibul Hasan,Tamim Iqbal,E Chigumbura,1,0,,,,,,,
ball,2,27.3,Bangladesh,Tamim Iqbal,Raqibul Hasan,E Chigumbura,1,0,,,,,,,
ball,2,27.4,Bangladesh,Raqibul Hasan,Tamim Iqbal,E Chigumbura,0,0,,,,,,,
ball,2,27.5,Bangladesh,Raqibul Hasan,Tamim Iqbal,E Chigumbura,0,0,,,,,,,
ball,2,27.6,Bangladesh,Raqibul Hasan,Tamim Iqbal,E Chigumbura,0,0,,,,,,,
ball,2,28.1,Bangladesh,Tamim Iqbal,Raqibul Hasan,P Utseya,0,0,,,,,,,
ball,2,28.2,Bangladesh,Tamim Iqbal,Raqibul Hasan,P Utseya,0,1,,,,1,,,
ball,2,28.3,Bangladesh,Raqibul Hasan,Tamim Iqbal,P Utseya,0,0,,,,,,,
ball,2,28.4,Bangladesh,Raqibul Hasan,Tamim Iqbal,P Utseya,1,0,,,,,,,
ball,2,28.5,Bangladesh,Tamim Iqbal,Raqibul Hasan,P Utseya,0,1,1,,,,,,
ball,2,28.6,Bangladesh,Tamim Iqbal,Raqibul Hasan,P Utseya,1,0,,,,,,,
ball,2,28.7,Bangladesh,Raqibul Hasan,Tamim Iqbal,P Utseya,0,0,,,,,,,
ball,2,29.1,Bangladesh,Tamim Iqbal,Raqibul Hasan,H Masakadza,0,3,3,,,,,,
ball,2,29.2,Bangladesh,Tamim Iqbal,Raqibul Hasan,H Masakadza,2,0,,,,,,,
ball,2,29.3,Bangladesh,Tamim Iqbal,Raqibul Hasan,H Masakadza,0,0,,,,,,,
ball,2,29.4,Bangladesh,Tamim Iqbal,Raqibul Hasan,H Masakadza,1,0,,,,,,,
ball,2,29.5,Bangladesh,Raqibul Hasan,Tamim Iqbal,H Masakadza,0,0,,,,,,,
ball,2,29.6,Bangladesh,Raqibul Hasan,Tamim Iqbal,H Masakadza,1,0,,,,,,,
ball,2,29.7,Bangladesh,Tamim Iqbal,Raqibul Hasan,H Masakadza,2,0,,,,,,,
ball,2,30.1,Bangladesh,Raqibul Hasan,Tamim Iqbal,P Utseya,1,0,,,,,,,
ball,2,30.2,Bangladesh,Tamim Iqbal,Raqibul Hasan,P Utseya,0,0,,,,,,,
ball,2,30.3,Bangladesh,Tamim Iqbal,Raqibul Hasan,P Utseya,3,0,,,,,,,
ball,2,30.4,Bangladesh,Raqibul Hasan,Tamim Iqbal,P Utseya,1,0,,,,,,,
ball,2,30.5,Bangladesh,Tamim Iqbal,Raqibul Hasan,P Utseya,0,0,,,,,,,
ball,2,30.6,Bangladesh,Tamim Iqbal,Raqibul Hasan,P Utseya,1,0,,,,,,,
ball,2,31.1,Bangladesh,Tamim Iqbal,Raqibul Hasan,H Masakadza,1,0,,,,,,,
ball,2,31.2,Bangladesh,Raqibul Hasan,Tamim Iqbal,H Masakadza,0,0,,,,,,,
ball,2,31.3,Bangladesh,Raqibul Hasan,Tamim Iqbal,H Masakadza,1,0,,,,,,,
ball,2,31.4,Bangladesh,Tamim Iqbal,Raqibul Hasan,H Masakadza,1,0,,,,,,,
ball,2,31.5,Bangladesh,Raqibul Hasan,Tamim Iqbal,H Masakadza,0,0,,,,,,,
ball,2,31.6,Bangladesh,Raqibul Hasan,Tamim Iqbal,H Masakadza,0,0,,,,,,,
ball,2,32.1,Bangladesh,Tamim Iqbal,Raqibul Hasan,RW Price,1,0,,,,,,,
ball,2,32.2,Bangladesh,Raqibul Hasan,Tamim Iqbal,RW Price,1,0,,,,,,,
ball,2,32.3,Bangladesh,Tamim Iqbal,Raqibul Hasan,RW Price,1,0,,,,,,,
ball,2,32.4,Bangladesh,Raqibul Hasan,Tamim Iqbal,RW Price,1,0,,,,,,,
ball,2,32.5,Bangladesh,Tamim Iqbal,Raqibul Hasan,RW Price,1,0,,,,,,,
ball,2,32.6,Bangladesh,Raqibul Hasan,Tamim Iqbal,RW Price,1,0,,,,,,,
ball,2,33.1,Bangladesh,Raqibul Hasan,Tamim Iqbal,P Utseya,1,0,,,,,,,
ball,2,33.2,Bangladesh,Tamim Iqbal,Raqibul Hasan,P Utseya,1,0,,,,,,,
ball,2,33.3,Bangladesh,Raqibul Hasan,Tamim Iqbal,P Utseya,1,0,,,,,,,
ball,2,33.4,Bangladesh,Tamim Iqbal,Raqibul Hasan,P Utseya,0,0,,,,,,,
ball,2,33.5,Bangladesh,Tamim Iqbal,Raqibul Hasan,P Utseya,0,0,,,,,,,
ball,2,33.6,Bangladesh,Tamim Iqbal,Raqibul Hasan,P Utseya,0,0,,,,,,,
ball,2,34.1,Bangladesh,Raqibul Hasan,Tamim Iqbal,RW Price,0,0,,,,,,,
ball,2,34.2,Bangladesh,Raqibul Hasan,Tamim Iqbal,RW Price,1,0,,,,,,,
ball,2,34.3,Bangladesh,Tamim Iqbal,Raqibul Hasan,RW Price,0,0,,,,,,,
ball,2,34.4,Bangladesh,Tamim Iqbal,Raqibul Hasan,RW Price,0,0,,,,,,,
ball,2,34.5,Bangladesh,Tamim Iqbal,Raqibul Hasan,RW Price,0,0,,,,,,,
ball,2,34.6,Bangladesh,Tamim Iqbal,Raqibul Hasan,RW Price,1,0,,,,,,,
ball,2,35.1,Bangladesh,Tamim Iqbal,Raqibul Hasan,H Masakadza,6,0,,,,,,,
ball,2,35.2,Bangladesh,Tamim Iqbal,Raqibul Hasan,H Masakadza,1,0,,,,,,,
ball,2,35.3,Bangladesh,Raqibul Hasan,Tamim Iqbal,H Masakadza,1,0,,,,,,,
ball,2,35.4,Bangladesh,Tamim Iqbal,Raqibul Hasan,H Masakadza,6,0,,,,,,,
ball,2,35.5,Bangladesh,Tamim Iqbal,Raqibul Hasan,H Masakadza,1,0,,,,,,,
ball,2,35.6,Bangladesh,Raqibul Hasan,Tamim Iqbal,H Masakadza,0,1,1,,,,,,
ball,2,35.7,Bangladesh,Raqibul Hasan,Tamim Iqbal,H Masakadza,2,0,,,,,,,
ball,2,36.1,Bangladesh,Tamim Iqbal,Raqibul Hasan,RW Price,1,0,,,,,,,
ball,2,36.2,Bangladesh,Raqibul Hasan,Tamim Iqbal,RW Price,0,0,,,,,,bowled,Raqibul Hasan
ball,2,36.3,Bangladesh,Shakib Al Hasan,Tamim Iqbal,RW Price,1,0,,,,,,,
ball,2,36.4,Bangladesh,Tamim Iqbal,Shakib Al Hasan,RW Price,1,0,,,,,,,
ball,2,36.5,Bangladesh,Shakib Al Hasan,Tamim Iqbal,RW Price,0,0,,,,,,,
ball,2,36.6,Bangladesh,Shakib Al Hasan,Tamim Iqbal,RW Price,4,0,,,,,,,
ball,2,37.1,Bangladesh,Tamim Iqbal,Shakib Al Hasan,P Utseya,1,0,,,,,,,
ball,2,37.2,Bangladesh,Shakib Al Hasan,Tamim Iqbal,P Utseya,6,0,,,,,,,
ball,2,37.3,Bangladesh,Shakib Al Hasan,Tamim Iqbal,P Utseya,1,0,,,,,,,
ball,2,37.4,Bangladesh,Tamim Iqbal,Shakib Al Hasan,P Utseya,1,0,,,,,,,
ball,2,37.5,Bangladesh,Shakib Al Hasan,Tamim Iqbal,P Utseya,1,0,,,,,,,
ball,2,37.6,Bangladesh,Tamim Iqbal,Shakib Al Hasan,P Utseya,1,0,,,,,,,
ball,2,38.1,Bangladesh,Tamim Iqbal,Shakib Al Hasan,T Mupariwa,0,0,,,,,,,
ball,2,38.2,Bangladesh,Tamim Iqbal,Shakib Al Hasan,T Mupariwa,4,0,,,,,,,
ball,2,38.3,Bangladesh,Tamim Iqbal,Shakib Al Hasan,T Mupariwa,1,0,,,,,,,
ball,2,38.4,Bangladesh,Shakib Al Hasan,Tamim Iqbal,T Mupariwa,0,0,,,,,,,
ball,2,38.5,Bangladesh,Shakib Al Hasan,Tamim Iqbal,T Mupariwa,0,0,,,,,,,
ball,2,38.6,Bangladesh,Shakib Al Hasan,Tamim Iqbal,T Mupariwa,1,0,,,,,,,
ball,2,39.1,Bangladesh,Shakib Al Hasan,Tamim Iqbal,H Masakadza,4,0,,,,,,,
ball,2,39.2,Bangladesh,Shakib Al Hasan,Tamim Iqbal,H Masakadza,1,0,,,,,,,
ball,2,39.3,Bangladesh,Tamim Iqbal,Shakib Al Hasan,H Masakadza,0,0,,,,,,,
ball,2,39.4,Bangladesh,Tamim Iqbal,Shakib Al Hasan,H Masakadza,4,0,,,,,,,
ball,2,39.5,Bangladesh,Tamim Iqbal,Shakib Al Hasan,H Masakadza,1,0,,,,,,,
ball,2,39.6,Bangladesh,Shakib Al Hasan,Tamim Iqbal,H Masakadza,0,0,,,,,,caught,Shakib Al Hasan
ball,2,40.1,Bangladesh,Mushfiqur Rahim,Tamim Iqbal,RW Price,1,0,,,,,,,
ball,2,40.2,Bangladesh,Tamim Iqbal,Mushfiqur Rahim,RW Price,0,0,,,,,,,
ball,2,40.3,Bangladesh,Tamim Iqbal,Mushfiqur Rahim,RW Price,2,0,,,,,,,
ball,2,40.4,Bangladesh,Tamim Iqbal,Mushfiqur Rahim,RW Price,1,0,,,,,,,
ball,2,40.5,Bangladesh,Mushfiqur Rahim,Tamim Iqbal,RW Price,1,0,,,,,,,
ball,2,40.6,Bangladesh,Tamim Iqbal,Mushfiqur Rahim,RW Price,1,0,,,,,,,
ball,2,41.1,Bangladesh,Tamim Iqbal,Mushfiqur Rahim,E Chigumbura,4,0,,,,,,,
ball,2,41.2,Bangladesh,Tamim Iqbal,Mushfiqur Rahim,E Chigumbura,1,0,,,,,,,
ball,2,41.3,Bangladesh,Mushfiqur Rahim,Tamim Iqbal,E Chigumbura,1,0,,,,,,,
ball,2,41.4,Bangladesh,Tamim Iqbal,Mushfiqur Rahim,E Chigumbura,1,0,,,,,,,
ball,2,41.5,Bangladesh,Mushfiqur Rahim,Tamim Iqbal,E Chigumbura,1,0,,,,,,,
ball,2,41.6,Bangladesh,Tamim Iqbal,Mushfiqur Rahim,E Chigumbura,1,0,,,,,,,
ball,2,42.1,Bangladesh,Tamim Iqbal,Mushfiqur Rahim,P Utseya,0,0,,,,,,,
ball,2,42.2,Bangladesh,Tamim Iqbal,Mushfiqur Rahim,P Utseya,1,0,,,,,,,
ball,2,42.3,Bangladesh,Mushfiqur Rahim,Tamim Iqbal,P Utseya,0,0,,,,,,,
ball,2,42.4,Bangladesh,Mushfiqur Rahim,Tamim Iqbal,P Utseya,1,0,,,,,,,
ball,2,42.5,Bangladesh,Tamim Iqbal,Mushfiqur Rahim,P Utseya,1,0,,,,,,,
ball,2,42.6,Bangladesh,Mushfiqur Rahim,Tamim Iqbal,P Utseya,1,0,,,,,,,
ball,2,43.1,Bangladesh,Mushfiqur Rahim,Tamim Iqbal,T Mupariwa,1,0,,,,,,,
ball,2,43.2,Bangladesh,Tamim Iqbal,Mushfiqur Rahim,T Mupariwa,6,0,,,,,,,
ball,2,43.3,Bangladesh,Tamim Iqbal,Mushfiqur Rahim,T Mupariwa,1,0,,,,,,,
ball,2,43.4,Bangladesh,Mushfiqur Rahim,Tamim Iqbal,T Mupariwa,1,0,,,,,,,
ball,2,43.5,Bangladesh,Tamim Iqbal,Mushfiqur Rahim,T Mupariwa,0,0,,,,,,,
ball,2,43.6,Bangladesh,Tamim Iqbal,Mushfiqur Rahim,T Mupariwa,1,0,,,,,,,
ball,2,44.1,Bangladesh,Tamim Iqbal,Mushfiqur Rahim,RW Price,0,0,,,,,,,
ball,2,44.2,Bangladesh,Tamim Iqbal,Mushfiqur Rahim,RW Price,4,0,,,,,,,
ball,2,44.3,Bangladesh,Tamim Iqbal,Mushfiqur Rahim,RW Price,0,0,,,,,,caught,Tamim Iqbal
ball,2,44.4,Bangladesh,Mushfiqur Rahim,Mahmudullah,RW Price,1,0,,,,,,,
ball,2,44.5,Bangladesh,Mahmudullah,Mushfiqur Rahim,RW Price,2,0,,,,,,,
ball,2,44.6,Bangladesh,Mahmudullah,Mushfiqur Rahim,RW Price,4,0,,,,,,,
ball,2,45.1,Bangladesh,Mushfiqur Rahim,Mahmudullah,E Chigumbura,2,0,,,,,,,
ball,2,45.2,Bangladesh,Mushfiqur Rahim,Mahmudullah,E Chigumbura,1,0,,,,,,,
ball,2,45.3,Bangladesh,Mahmudullah,Mushfiqur Rahim,E Chigumbura,1,0,,,,,,,
ball,2,45.4,Bangladesh,Mushfiqur Rahim,Mahmudullah,E Chigumbura,1,0,,,,,,,
ball,2,45.5,Bangladesh,Mahmudullah,Mushfiqur Rahim,E Chigumbura,4,0,,,,,,,
ball,2,45.6,Bangladesh,Mahmudullah,Mushfiqur Rahim,E Chigumbura,1,0,,,,,,,
ball,2,46.1,Bangladesh,Mahmudullah,Mushfiqur Rahim,P Utseya,0,0,,,,,,,
ball,2,46.2,Bangladesh,Mahmudullah,Mushfiqur Rahim,P Utseya,0,1,1,,,,,,
ball,2,46.3,Bangladesh,Mahmudullah,Mushfiqur Rahim,P Utseya,1,0,,,,,,,
ball,2,46.4,Bangladesh,Mushfiqur Rahim,Mahmudullah,P Utseya,2,0,,,,,,,
ball,2,46.5,Bangladesh,Mushfiqur Rahim,Mahmudullah,P Utseya,0,0,,,,,,lbw,Mushfiqur Rahim
ball,2,46.6,Bangladesh,Naeem Islam,Mahmudullah,P Utseya,1,0,,,,,,,
ball,2,46.7,Bangladesh,Mahmudullah,Naeem Islam,P Utseya,0,0,,,,,,,
ball,2,47.1,Bangladesh,Naeem Islam,Mahmudullah,T Mupariwa,0,0,,,,,,,
ball,2,47.2,Bangladesh,Naeem Islam,Mahmudullah,T Mupariwa,2,0,,,,,,,
ball,2,47.3,Bangladesh,Naeem Islam,Mahmudullah,T Mupariwa,1,1,,1,,,,,
ball,2,47.4,Bangladesh,Mahmudullah,Naeem Islam,T Mupariwa,0,0,,,,,,,
ball,2,47.5,Bangladesh,Mahmudullah,Naeem Islam,T Mupariwa,4,0,,,,,,,
ball,2,47.6,Bangladesh,Mahmudullah,Naeem Islam,T Mupariwa,4,0,,,,,,,
